Year,Country Name_x,Index,gender_rank,F,M,M-F
2007,Algeria,0.6068,108.0,70.0,79.0,9.0
2007,Angola,0.6034,110.0,105.0,73.0,-32.0
2007,Argentina,0.6982,33.0,29.0,1.0,-28.0
2007,Armenia,0.6651,71.0,117.0,93.0,-24.0
2007,Australia,0.7204,17.0,12.0,48.0,36.0
2007,Austria,0.706,27.0,42.0,94.0,52.0
2007,Azerbaijan,0.6781,59.0,70.0,115.0,45.0
2007,Bahrain,0.5931,115.0,110.0,102.0,-8.0
2007,Belarus,0.7113,23.0,39.0,60.0,21.0
2007,Belgium,0.7198,19.0,34.0,49.0,15.0
2007,Benin,0.5656,123.0,104.0,97.0,-7.0
2007,Bolivia,0.6574,80.0,100.0,108.0,8.0
2007,Botswana,0.6797,53.0,149.0,103.0,-46.0
2007,Brazil,0.6637,74.0,4.0,2.0,-2.0
2007,Bulgaria,0.7085,25.0,46.0,18.0,-28.0
2007,Burkina Faso,0.5912,117.0,126.0,113.0,-13.0
2007,Cameroon,0.5919,116.0,88.0,24.0,-64.0
2007,Canada,0.7198,18.0,9.0,55.0,46.0
2007,Chile,0.6482,86.0,52.0,45.0,-7.0
2007,China,0.6643,73.0,13.0,81.0,68.0
2007,Colombia,0.7090000000000001,24.0,41.0,17.0,-24.0
2007,Costa Rica,0.7014,28.0,48.0,70.0,22.0
2007,Croatia,0.721,16.0,50.0,10.0,-40.0
2007,Cuba,0.7169,22.0,101.0,71.0,-30.0
2007,Czech Republic,0.6718,64.0,19.0,6.0,-13.0
2007,Denmark,0.7519,8.0,8.0,31.0,23.0
2007,Dominican Republic,0.6705,65.0,96.0,166.0,70.0
2007,Ecuador,0.6881,44.0,52.0,56.0,4.0
2007,"Egypt, Arab Rep.",0.5809,120.0,85.0,39.0,-46.0
2007,El Salvador,0.6853,48.0,114.0,134.0,20.0
2007,Estonia,0.7008,30.0,95.0,124.0,29.0
2007,Ethiopia,0.5991,113.0,113.0,105.0,-8.0
2007,Finland,0.8044,3.0,16.0,36.0,20.0
2007,France,0.6824,51.0,7.0,7.0,0.0
2007,Georgia,0.6665,67.0,124.0,77.0,-47.0
2007,Germany,0.7618,7.0,1.0,5.0,4.0
2007,Ghana,0.6725,63.0,45.0,43.0,-2.0
2007,Greece,0.6648,72.0,51.0,11.0,-40.0
2007,Guatemala,0.6144,106.0,83.0,106.0,23.0
2007,Hungary,0.6731,61.0,35.0,50.0,15.0
2007,Iceland,0.7836,4.0,21.0,90.0,69.0
2007,India,0.5936,114.0,56.0,143.0,87.0
2007,Indonesia,0.655,81.0,73.0,133.0,60.0
2007,"Iran, Islamic Rep.",0.5903,118.0,55.0,41.0,-14.0
2007,Ireland,0.7457,9.0,31.0,35.0,4.0
2007,Israel,0.6965,36.0,66.0,26.0,-40.0
2007,Italy,0.6498,84.0,14.0,3.0,-11.0
2007,Jamaica,0.6925,39.0,76.0,97.0,21.0
2007,Japan,0.6455,91.0,11.0,34.0,23.0
2007,Jordan,0.6203,104.0,59.0,120.0,61.0
2007,Kazakhstan,0.6983,32.0,68.0,112.0,44.0
2007,Kenya,0.6508,83.0,140.0,110.0,-30.0
2007,"Korea, Rep.",0.6409,97.0,25.0,42.0,17.0
2007,Latvia,0.7333,13.0,87.0,86.0,-1.0
2007,Lesotho,0.7078,26.0,130.0,154.0,24.0
2007,Lithuania,0.7234,14.0,65.0,59.0,-6.0
2007,Luxembourg,0.6786,58.0,97.0,149.0,52.0
2007,"Macedonia, FYR",0.6967,35.0,127.0,58.0,-69.0
2007,Malawi,0.648,87.0,128.0,138.0,10.0
2007,Malaysia,0.6444,92.0,86.0,159.0,73.0
2007,Maldives,0.635,99.0,129.0,151.0,22.0
2007,Mali,0.6019,112.0,84.0,46.0,-38.0
2007,Malta,0.6615,76.0,112.0,136.0,24.0
2007,Mexico,0.6441,93.0,22.0,15.0,-7.0
2007,Moldova,0.7172,21.0,107.0,52.0,-55.0
2007,Morocco,0.5676,122.0,70.0,39.0,-31.0
2007,Mozambique,0.6883,43.0,139.0,75.0,-64.0
2007,Namibia,0.7012,29.0,125.0,114.0,-11.0
2007,Netherlands,0.7383,12.0,18.0,9.0,-9.0
2007,New Zealand,0.7649,5.0,23.0,95.0,72.0
2007,Nicaragua,0.6458,90.0,109.0,161.0,52.0
2007,Nigeria,0.6122,107.0,24.0,20.0,-4.0
2007,Norway,0.8059,2.0,5.0,29.0,24.0
2007,Panama,0.6954,38.0,67.0,67.0,0.0
2007,Paraguay,0.6659,69.0,59.0,21.0,-38.0
2007,Peru,0.6624,75.0,40.0,63.0,23.0
2007,Philippines,0.7629,6.0,89.0,179.0,90.0
2007,Poland,0.6756,60.0,27.0,22.0,-5.0
2007,Portugal,0.6959,37.0,47.0,8.0,-39.0
2007,Romania,0.6859,47.0,37.0,13.0,-24.0
2007,Russian Federation,0.6866,45.0,15.0,23.0,8.0
2007,Singapore,0.6609,77.0,99.0,126.0,27.0
2007,Slovak Republic,0.6797,54.0,38.0,53.0,15.0
2007,Slovenia,0.6842,49.0,63.0,83.0,20.0
2007,South Africa,0.7194,20.0,74.0,77.0,3.0
2007,Spain,0.7444,10.0,20.0,4.0,-16.0
2007,Suriname,0.6794,56.0,103.0,153.0,50.0
2007,Sweden,0.8146,1.0,3.0,24.0,21.0
2007,Switzerland,0.6924,40.0,28.0,44.0,16.0
2007,Tanzania,0.6969,34.0,145.0,89.0,-56.0
2007,Thailand,0.6815,52.0,33.0,121.0,88.0
2007,Trinidad and Tobago,0.6859,46.0,44.0,81.0,37.0
2007,Tunisia,0.6283,102.0,89.0,47.0,-42.0
2007,Turkey,0.5768,121.0,75.0,16.0,-59.0
2007,Ukraine,0.679,57.0,17.0,30.0,13.0
2007,United Kingdom,0.7441,11.0,10.0,12.0,2.0
2007,United States,0.7002,31.0,2.0,19.0,17.0
2007,Uruguay,0.6608,78.0,59.0,28.0,-31.0
2007,Uzbekistan,0.6921,41.0,49.0,64.0,15.0
2007,"Venezuela, RB",0.6797,55.0,82.0,62.0,-20.0
2007,Vietnam,0.6889,42.0,36.0,142.0,106.0
2007,Zambia,0.6288,101.0,131.0,65.0,-66.0
2007,Zimbabwe,0.6464,88.0,106.0,87.0,-19.0
2008,Algeria,0.6111,111.0,70.0,64.0,-6.0
2008,Angola,0.6032,114.0,94.0,70.0,-24.0
2008,Argentina,0.7209,24.0,28.0,6.0,-22.0
2008,Armenia,0.6677,78.0,102.0,113.0,11.0
2008,Australia,0.7241,21.0,14.0,28.0,14.0
2008,Austria,0.7153,29.0,37.0,92.0,55.0
2008,Azerbaijan,0.6856,61.0,64.0,134.0,70.0
2008,Belarus,0.7099,33.0,40.0,84.0,44.0
2008,Belgium,0.7163,28.0,32.0,54.0,22.0
2008,Brazil,0.6737,73.0,3.0,5.0,2.0
2008,Bulgaria,0.7077,36.0,42.0,27.0,-15.0
2008,Cameroon,0.6017,117.0,78.0,14.0,-64.0
2008,Canada,0.7136,31.0,11.0,90.0,79.0
2008,China,0.6878,57.0,13.0,100.0,87.0
2008,Costa Rica,0.7111,32.0,46.0,53.0,7.0
2008,Croatia,0.6967,46.0,47.0,7.0,-40.0
2008,Czech Republic,0.677,69.0,21.0,11.0,-10.0
2008,Denmark,0.7538,7.0,7.0,37.0,30.0
2008,Dominican Republic,0.6744,72.0,86.0,185.0,99.0
2008,Ecuador,0.7091,35.0,50.0,36.0,-14.0
2008,El Salvador,0.6875,58.0,101.0,111.0,10.0
2008,Estonia,0.7076,37.0,88.0,119.0,31.0
2008,Ethiopia,0.5867,122.0,100.0,103.0,3.0
2008,Finland,0.8195,2.0,17.0,55.0,38.0
2008,France,0.7341,15.0,8.0,11.0,3.0
2008,Georgia,0.6654,82.0,108.0,108.0,0.0
2008,Germany,0.7394,11.0,2.0,2.0,0.0
2008,Ghana,0.6679,77.0,43.0,25.0,-18.0
2008,Greece,0.6727,75.0,53.0,20.0,-33.0
2008,Hungary,0.6867,60.0,39.0,47.0,8.0
2008,Iceland,0.7999,4.0,19.0,83.0,64.0
2008,India,0.606,113.0,52.0,143.0,91.0
2008,Indonesia,0.6473,93.0,68.0,139.0,71.0
2008,"Iran, Islamic Rep.",0.6021,116.0,48.0,43.0,-5.0
2008,Ireland,0.7518,8.0,27.0,38.0,11.0
2008,Israel,0.69,56.0,60.0,18.0,-42.0
2008,Italy,0.6788,67.0,12.0,4.0,-8.0
2008,Jamaica,0.698,44.0,71.0,65.0,-6.0
2008,Japan,0.6434,98.0,9.0,35.0,26.0
2008,Kazakhstan,0.6976,45.0,62.0,137.0,75.0
2008,"Korea, Rep.",0.6154,108.0,22.0,42.0,20.0
2008,Latvia,0.7397,10.0,84.0,67.0,-17.0
2008,Lithuania,0.7222,23.0,68.0,51.0,-17.0
2008,Luxembourg,0.6802,66.0,90.0,121.0,31.0
2008,"Macedonia, FYR",0.6914,53.0,107.0,56.0,-51.0
2008,Malaysia,0.6442,96.0,83.0,156.0,73.0
2008,Mali,0.6117,109.0,80.0,45.0,-35.0
2008,Malta,0.6634,83.0,99.0,147.0,48.0
2008,Mexico,0.6441,97.0,22.0,26.0,4.0
2008,Morocco,0.5757,125.0,66.0,41.0,-25.0
2008,Mozambique,0.7266,18.0,113.0,95.0,-18.0
2008,Namibia,0.7141,30.0,109.0,115.0,6.0
2008,Netherlands,0.7399,9.0,17.0,3.0,-14.0
2008,New Zealand,0.7859,5.0,24.0,86.0,62.0
2008,Nicaragua,0.6747,71.0,97.0,181.0,84.0
2008,Nigeria,0.6339,102.0,29.0,19.0,-10.0
2008,Norway,0.8239,1.0,6.0,59.0,53.0
2008,Panama,0.7095,34.0,61.0,88.0,27.0
2008,Paraguay,0.6379,100.0,55.0,17.0,-38.0
2008,Philippines,0.7568,6.0,82.0,160.0,78.0
2008,Poland,0.6951,49.0,31.0,34.0,3.0
2008,Portugal,0.7051,39.0,45.0,11.0,-34.0
2008,Romania,0.6763,70.0,36.0,21.0,-15.0
2008,Russian Federation,0.6994,42.0,15.0,9.0,-6.0
2008,Singapore,0.6625,84.0,91.0,132.0,41.0
2008,Slovak Republic,0.6824,64.0,38.0,44.0,6.0
2008,Slovenia,0.6937,51.0,51.0,57.0,6.0
2008,South Africa,0.7232,22.0,58.0,76.0,18.0
2008,Spain,0.7281,17.0,20.0,1.0,-19.0
2008,Suriname,0.6674,79.0,93.0,129.0,36.0
2008,Sweden,0.8139,3.0,4.0,32.0,28.0
2008,Switzerland,0.736,14.0,26.0,24.0,-2.0
2008,Tanzania,0.7068,38.0,116.0,99.0,-17.0
2008,Thailand,0.6917,52.0,35.0,126.0,91.0
2008,Trinidad and Tobago,0.7245,19.0,41.0,77.0,36.0
2008,Tunisia,0.6295,103.0,76.0,46.0,-30.0
2008,Turkey,0.5853,123.0,64.0,10.0,-54.0
2008,Ukraine,0.6856,62.0,16.0,15.0,-1.0
2008,United Kingdom,0.7366,13.0,10.0,8.0,-2.0
2008,United States,0.7179,27.0,1.0,22.0,21.0
2008,Uruguay,0.6907,54.0,55.0,23.0,-32.0
2008,Vietnam,0.6778,68.0,30.0,155.0,125.0
2008,Zambia,0.6205,106.0,110.0,72.0,-38.0
2008,Zimbabwe,0.6485,92.0,95.0,97.0,2.0
2009,Algeria,0.6119,117.0,65.0,26.0,-39.0
2009,Argentina,0.7211,24.0,27.0,8.0,-19.0
2009,Armenia,0.6619,90.0,87.0,100.0,13.0
2009,Australia,0.7282,20.0,14.0,21.0,7.0
2009,Austria,0.7031,42.0,39.0,61.0,22.0
2009,Azerbaijan,0.6626,89.0,58.0,114.0,56.0
2009,Belarus,0.7141,34.0,42.0,80.0,38.0
2009,Belgium,0.7165,33.0,29.0,66.0,37.0
2009,Bolivia,0.6693,82.0,82.0,56.0,-26.0
2009,Brazil,0.6695,81.0,3.0,2.0,-1.0
2009,Bulgaria,0.7072,38.0,46.0,30.0,-16.0
2009,Cameroon,0.6108,118.0,71.0,11.0,-60.0
2009,Canada,0.7196,25.0,12.0,56.0,44.0
2009,Chile,0.6884,64.0,48.0,15.0,-33.0
2009,China,0.6907,60.0,13.0,93.0,80.0
2009,Colombia,0.6939,56.0,40.0,39.0,-1.0
2009,Croatia,0.6944,54.0,53.0,10.0,-43.0
2009,Cuba,0.7176,29.0,84.0,119.0,35.0
2009,Czech Republic,0.6789,74.0,25.0,25.0,0.0
2009,Denmark,0.7628,7.0,10.0,28.0,18.0
2009,Ecuador,0.722,23.0,49.0,37.0,-12.0
2009,"Egypt, Arab Rep.",0.5862,126.0,72.0,24.0,-48.0
2009,Estonia,0.7094,37.0,76.0,102.0,26.0
2009,Finland,0.8252,2.0,16.0,55.0,39.0
2009,France,0.7331,18.0,9.0,7.0,-2.0
2009,Georgia,0.6679999999999999,83.0,88.0,124.0,36.0
2009,Germany,0.7449,12.0,2.0,6.0,4.0
2009,Ghana,0.6704,80.0,44.0,34.0,-10.0
2009,Greece,0.6662,85.0,54.0,13.0,-41.0
2009,Hungary,0.6879,65.0,34.0,54.0,20.0
2009,Iceland,0.8276,1.0,18.0,92.0,74.0
2009,Indonesia,0.6579999999999999,92.0,64.0,120.0,56.0
2009,"Iran, Islamic Rep.",0.5839,128.0,51.0,64.0,13.0
2009,Ireland,0.7597,8.0,30.0,35.0,5.0
2009,Israel,0.7019,45.0,57.0,26.0,-31.0
2009,Italy,0.6798,72.0,11.0,4.0,-7.0
2009,Japan,0.6445,101.0,6.0,43.0,37.0
2009,Jordan,0.6182,113.0,52.0,111.0,59.0
2009,Kazakhstan,0.7013,47.0,62.0,125.0,63.0
2009,"Korea, Rep.",0.6146,115.0,21.0,52.0,31.0
2009,Kyrgyz Republic,0.7058,41.0,85.0,159.0,74.0
2009,Latvia,0.7416,14.0,78.0,45.0,-33.0
2009,Lithuania,0.7175,30.0,67.0,62.0,-5.0
2009,Luxembourg,0.6889,63.0,81.0,128.0,47.0
2009,"Macedonia, FYR",0.695,53.0,90.0,65.0,-25.0
2009,Malaysia,0.6467,100.0,77.0,160.0,83.0
2009,Maldives,0.6482,99.0,91.0,137.0,46.0
2009,Mali,0.586,127.0,74.0,47.0,-27.0
2009,Malta,0.6635,88.0,86.0,146.0,60.0
2009,Mexico,0.6503,98.0,22.0,17.0,-5.0
2009,Namibia,0.7167,32.0,89.0,113.0,24.0
2009,Netherlands,0.7490000000000001,11.0,17.0,3.0,-14.0
2009,New Zealand,0.7879999999999999,5.0,23.0,82.0,59.0
2009,Nigeria,0.628,108.0,28.0,22.0,-6.0
2009,Norway,0.8227,3.0,7.0,32.0,25.0
2009,Peru,0.7024,44.0,45.0,68.0,23.0
2009,Philippines,0.7579,9.0,75.0,167.0,92.0
2009,Poland,0.6998,50.0,31.0,58.0,27.0
2009,Portugal,0.7013,46.0,41.0,5.0,-36.0
2009,Romania,0.6805,70.0,36.0,36.0,0.0
2009,Russian Federation,0.6987,51.0,15.0,12.0,-3.0
2009,Singapore,0.6664,84.0,82.0,110.0,28.0
2009,Slovak Republic,0.6845,68.0,37.0,33.0,-4.0
2009,Slovenia,0.6982,52.0,56.0,31.0,-25.0
2009,South Africa,0.7709,6.0,55.0,85.0,30.0
2009,Spain,0.7345,17.0,20.0,1.0,-19.0
2009,Sweden,0.8139,4.0,4.0,42.0,38.0
2009,Switzerland,0.7426,13.0,26.0,18.0,-8.0
2009,Thailand,0.6907,59.0,33.0,105.0,72.0
2009,Tunisia,0.6233,109.0,69.0,53.0,-16.0
2009,Turkey,0.5828,129.0,59.0,41.0,-18.0
2009,Ukraine,0.6896,61.0,19.0,22.0,3.0
2009,United Kingdom,0.7402,15.0,8.0,9.0,1.0
2009,United States,0.7173,31.0,1.0,14.0,13.0
2009,Uzbekistan,0.6913,58.0,47.0,76.0,29.0
2009,"Venezuela, RB",0.6839,69.0,67.0,50.0,-17.0
2009,Vietnam,0.6802,71.0,32.0,123.0,91.0
2010,Algeria,0.6052,119.0,80.0,35.0,-45.0
2010,Angola,0.6712,81.0,105.0,88.0,-17.0
2010,Argentina,0.7187,29.0,28.0,5.0,-23.0
2010,Armenia,0.6669,84.0,113.0,60.0,-53.0
2010,Australia,0.7271,23.0,12.0,26.0,14.0
2010,Austria,0.7091,37.0,39.0,46.0,7.0
2010,Azerbaijan,0.6446,100.0,74.0,98.0,24.0
2010,Bahrain,0.6217,110.0,72.0,93.0,21.0
2010,Belgium,0.7509,14.0,35.0,57.0,22.0
2010,Belize,0.6536,93.0,125.0,172.0,47.0
2010,Bolivia,0.6751,76.0,92.0,97.0,5.0
2010,Botswana,0.6876,62.0,127.0,53.0,-74.0
2010,Brazil,0.6655,85.0,3.0,4.0,1.0
2010,Bulgaria,0.6983,50.0,49.0,49.0,0.0
2010,Cameroon,0.611,114.0,72.0,37.0,-35.0
2010,Canada,0.7372,20.0,9.0,84.0,75.0
2010,Chile,0.7013,48.0,46.0,15.0,-31.0
2010,China,0.6881,61.0,13.0,87.0,74.0
2010,Colombia,0.6927,55.0,32.0,48.0,16.0
2010,Costa Rica,0.7194,28.0,41.0,69.0,28.0
2010,Cote d'Ivoire,0.5691,130.0,77.0,21.0,-56.0
2010,Croatia,0.6939,53.0,65.0,10.0,-55.0
2010,Cuba,0.7253,24.0,102.0,62.0,-40.0
2010,Czech Republic,0.685,65.0,25.0,30.0,5.0
2010,Denmark,0.7719,7.0,14.0,28.0,14.0
2010,Dominican Republic,0.6774,73.0,93.0,168.0,75.0
2010,Ecuador,0.7072,40.0,51.0,53.0,2.0
2010,"Egypt, Arab Rep.",0.5899,125.0,84.0,9.0,-75.0
2010,El Salvador,0.6596,90.0,106.0,117.0,11.0
2010,Estonia,0.7018,47.0,79.0,82.0,3.0
2010,Ethiopia,0.6019,121.0,115.0,124.0,9.0
2010,Fiji,0.6256,108.0,85.0,152.0,67.0
2010,Finland,0.826,3.0,16.0,83.0,67.0
2010,France,0.7025,46.0,8.0,18.0,10.0
2010,Georgia,0.6598,88.0,117.0,73.0,-44.0
2010,Germany,0.753,13.0,2.0,3.0,1.0
2010,Ghana,0.6782,70.0,50.0,16.0,-34.0
2010,Greece,0.6908,58.0,57.0,11.0,-46.0
2010,Guatemala,0.6238,109.0,87.0,118.0,31.0
2010,Guyana,0.7090000000000001,38.0,89.0,109.0,20.0
2010,Honduras,0.6927,54.0,101.0,59.0,-42.0
2010,Hungary,0.672,79.0,31.0,42.0,11.0
2010,Iceland,0.8496,1.0,17.0,112.0,95.0
2010,India,0.6155,112.0,56.0,142.0,86.0
2010,Indonesia,0.6615,87.0,69.0,127.0,58.0
2010,"Iran, Islamic Rep.",0.5933,123.0,53.0,66.0,13.0
2010,Ireland,0.7773,6.0,29.0,36.0,7.0
2010,Israel,0.6957,52.0,61.0,50.0,-11.0
2010,Italy,0.6765,74.0,11.0,14.0,3.0
2010,Japan,0.6524,94.0,5.0,29.0,24.0
2010,Jordan,0.6048,120.0,52.0,104.0,52.0
2010,Kazakhstan,0.7055,41.0,78.0,138.0,60.0
2010,"Korea, Rep.",0.6342,104.0,18.0,40.0,22.0
2010,Kyrgyz Republic,0.6973,51.0,108.0,174.0,66.0
2010,Latvia,0.7429,18.0,94.0,78.0,-16.0
2010,Lithuania,0.7132,35.0,80.0,55.0,-25.0
2010,Luxembourg,0.7231,26.0,97.0,134.0,37.0
2010,"Macedonia, FYR",0.6996,49.0,119.0,76.0,-43.0
2010,Malaysia,0.6479,98.0,90.0,144.0,54.0
2010,Maldives,0.6452,99.0,121.0,162.0,41.0
2010,Mali,0.568,131.0,91.0,67.0,-24.0
2010,Malta,0.6695,83.0,111.0,164.0,53.0
2010,Mexico,0.6577,91.0,22.0,27.0,5.0
2010,Morocco,0.5767,127.0,75.0,79.0,4.0
2010,Namibia,0.7238,25.0,118.0,138.0,20.0
2010,Nepal,0.6084,115.0,116.0,172.0,56.0
2010,Netherlands,0.7444,17.0,15.0,2.0,-13.0
2010,New Zealand,0.7808,5.0,23.0,63.0,40.0
2010,Nicaragua,0.7176,30.0,110.0,158.0,48.0
2010,Nigeria,0.6055,118.0,27.0,32.0,5.0
2010,Norway,0.8404,2.0,7.0,12.0,5.0
2010,Paraguay,0.6804,69.0,58.0,24.0,-34.0
2010,Peru,0.6895,60.0,54.0,68.0,14.0
2010,Poland,0.7037,43.0,30.0,73.0,43.0
2010,Portugal,0.7171,32.0,39.0,8.0,-31.0
2010,Romania,0.6826,67.0,37.0,56.0,19.0
2010,Russian Federation,0.7036,45.0,20.0,13.0,-7.0
2010,Senegal,0.6414,101.0,86.0,70.0,-16.0
2010,Slovak Republic,0.6778,71.0,42.0,20.0,-22.0
2010,Slovenia,0.7047,42.0,60.0,17.0,-43.0
2010,South Africa,0.7535,12.0,59.0,51.0,-8.0
2010,Spain,0.7554,11.0,19.0,1.0,-18.0
2010,Suriname,0.6407,102.0,100.0,115.0,15.0
2010,Sweden,0.8024,4.0,4.0,33.0,29.0
2010,Switzerland,0.7562,10.0,26.0,22.0,-4.0
2010,Tanzania,0.6829,66.0,124.0,116.0,-8.0
2010,Thailand,0.691,57.0,33.0,121.0,88.0
2010,Trinidad and Tobago,0.7353,21.0,43.0,89.0,46.0
2010,Tunisia,0.6266,107.0,82.0,45.0,-37.0
2010,Turkey,0.5876,126.0,66.0,31.0,-35.0
2010,Ukraine,0.6869,63.0,21.0,34.0,13.0
2010,United Kingdom,0.746,15.0,10.0,6.0,-4.0
2010,United States,0.7411,19.0,1.0,18.0,17.0
2010,Uruguay,0.6897,59.0,71.0,7.0,-64.0
2010,"Venezuela, RB",0.6863,64.0,75.0,60.0,-15.0
2010,Vietnam,0.6776,72.0,34.0,137.0,103.0
2010,Zambia,0.6293,106.0,122.0,76.0,-46.0
2010,Zimbabwe,0.6574,92.0,103.0,119.0,16.0
2011,Algeria,0.5991,121.0,79.0,30.0,-49.0
2011,Angola,0.6624,87.0,109.0,83.0,-26.0
2011,Argentina,0.7236,28.0,35.0,10.0,-25.0
2011,Armenia,0.6654,84.0,114.0,46.0,-68.0
2011,Australia,0.7291,23.0,10.0,23.0,13.0
2011,Austria,0.7165,34.0,38.0,70.0,32.0
2011,Azerbaijan,0.6577,91.0,71.0,112.0,41.0
2011,Bahrain,0.6232,110.0,74.0,101.0,27.0
2011,Bangladesh,0.6812,69.0,122.0,157.0,35.0
2011,Belgium,0.7531,13.0,32.0,41.0,9.0
2011,Bolivia,0.6862,62.0,93.0,108.0,15.0
2011,Botswana,0.6832,66.0,135.0,95.0,-40.0
2011,Brazil,0.6679,82.0,4.0,6.0,2.0
2011,Bulgaria,0.6987,51.0,55.0,84.0,29.0
2011,Cameroon,0.6073,119.0,61.0,50.0,-11.0
2011,Canada,0.7407,18.0,7.0,72.0,65.0
2011,Chile,0.703,46.0,45.0,13.0,-32.0
2011,China,0.6866,61.0,18.0,71.0,53.0
2011,Colombia,0.6714,80.0,28.0,36.0,8.0
2011,Costa Rica,0.7266,25.0,41.0,65.0,24.0
2011,Croatia,0.7006,50.0,64.0,8.0,-56.0
2011,Cuba,0.7394,20.0,96.0,115.0,19.0
2011,Czech Republic,0.6789,75.0,26.0,33.0,7.0
2011,Denmark,0.7778,7.0,12.0,11.0,-1.0
2011,Dominican Republic,0.6682,81.0,88.0,131.0,43.0
2011,Ecuador,0.7035,45.0,49.0,42.0,-7.0
2011,"Egypt, Arab Rep.",0.5933,123.0,82.0,31.0,-51.0
2011,El Salvador,0.6567,94.0,102.0,69.0,-33.0
2011,Estonia,0.6983,52.0,77.0,57.0,-20.0
2011,Ethiopia,0.6136,116.0,108.0,135.0,27.0
2011,Fiji,0.6255,109.0,81.0,161.0,80.0
2011,Finland,0.8383,3.0,20.0,86.0,66.0
2011,France,0.7018,48.0,6.0,15.0,9.0
2011,Georgia,0.6624,86.0,119.0,73.0,-46.0
2011,Germany,0.759,11.0,2.0,3.0,1.0
2011,Ghana,0.6811,70.0,50.0,29.0,-21.0
2011,Greece,0.6916,56.0,59.0,14.0,-45.0
2011,Guatemala,0.6229,112.0,85.0,90.0,5.0
2011,Guyana,0.7084,38.0,88.0,91.0,3.0
2011,Honduras,0.6945,54.0,106.0,53.0,-53.0
2011,Hungary,0.6642,85.0,34.0,37.0,3.0
2011,Iceland,0.853,1.0,15.0,104.0,89.0
2011,India,0.619,113.0,53.0,162.0,109.0
2011,Indonesia,0.6594,90.0,68.0,142.0,74.0
2011,"Iran, Islamic Rep.",0.5894,125.0,56.0,45.0,-11.0
2011,Ireland,0.7829999999999999,5.0,29.0,22.0,-7.0
2011,Israel,0.6926,55.0,65.0,37.0,-28.0
2011,Italy,0.6796,74.0,11.0,9.0,-2.0
2011,Japan,0.6514,98.0,3.0,19.0,16.0
2011,Jordan,0.6117,117.0,60.0,82.0,22.0
2011,Kazakhstan,0.701,49.0,76.0,138.0,62.0
2011,"Korea, Rep.",0.6281,107.0,16.0,32.0,16.0
2011,Latvia,0.7399,19.0,94.0,68.0,-26.0
2011,Lebanon,0.6083,118.0,127.0,111.0,-16.0
2011,Lithuania,0.7131,37.0,83.0,92.0,9.0
2011,Luxembourg,0.7216,30.0,101.0,128.0,27.0
2011,"Macedonia, FYR",0.6966,53.0,120.0,103.0,-17.0
2011,Malawi,0.685,65.0,134.0,94.0,-40.0
2011,Malaysia,0.6525,97.0,88.0,148.0,60.0
2011,Maldives,0.648,101.0,124.0,173.0,49.0
2011,Mali,0.5752,132.0,95.0,67.0,-28.0
2011,Malta,0.6658,83.0,112.0,156.0,44.0
2011,Mexico,0.6604,89.0,21.0,21.0,0.0
2011,Morocco,0.5804,129.0,72.0,61.0,-11.0
2011,Mozambique,0.7251,26.0,133.0,105.0,-28.0
2011,Namibia,0.7177,32.0,121.0,121.0,0.0
2011,Nepal,0.5888,126.0,116.0,153.0,37.0
2011,Netherlands,0.747,15.0,14.0,2.0,-12.0
2011,New Zealand,0.7809999999999999,6.0,24.0,119.0,95.0
2011,Nicaragua,0.7245,27.0,115.0,154.0,39.0
2011,Nigeria,0.6011,120.0,27.0,43.0,16.0
2011,Norway,0.8404,2.0,12.0,25.0,13.0
2011,Pakistan,0.5583,133.0,128.0,179.0,51.0
2011,Paraguay,0.6818,67.0,58.0,24.0,-34.0
2011,Peru,0.6796,73.0,51.0,35.0,-16.0
2011,Philippines,0.7685,8.0,87.0,159.0,72.0
2011,Poland,0.7038,42.0,33.0,66.0,33.0
2011,Portugal,0.7144,35.0,43.0,7.0,-36.0
2011,Romania,0.6812,68.0,36.0,56.0,20.0
2011,Russian Federation,0.7037,43.0,19.0,12.0,-7.0
2011,Singapore,0.6914,57.0,97.0,145.0,48.0
2011,Slovak Republic,0.6797,72.0,39.0,40.0,1.0
2011,Slovenia,0.7041,41.0,63.0,26.0,-37.0
2011,South Africa,0.7478,14.0,66.0,52.0,-14.0
2011,Spain,0.758,12.0,17.0,1.0,-16.0
2011,Sri Lanka,0.7212,31.0,123.0,180.0,57.0
2011,Suriname,0.6395,104.0,105.0,125.0,20.0
2011,Sweden,0.8044,4.0,5.0,18.0,13.0
2011,Switzerland,0.7627,10.0,25.0,17.0,-8.0
2011,Syrian Arab Republic,0.5896,124.0,129.0,114.0,-15.0
2011,Tanzania,0.6904,59.0,130.0,137.0,7.0
2011,Thailand,0.6892,60.0,30.0,122.0,92.0
2011,Trinidad and Tobago,0.7372,21.0,48.0,76.0,28.0
2011,Tunisia,0.6255,108.0,78.0,59.0,-19.0
2011,Turkey,0.5954,122.0,67.0,28.0,-39.0
2011,Ukraine,0.6861,64.0,23.0,55.0,32.0
2011,United Kingdom,0.7462,16.0,8.0,5.0,-3.0
2011,United States,0.7412,17.0,1.0,34.0,33.0
2011,Uruguay,0.6907,58.0,69.0,4.0,-65.0
2011,"Venezuela, RB",0.6861,63.0,75.0,39.0,-36.0
2011,Vietnam,0.6732,79.0,31.0,99.0,68.0
2011,Zambia,0.63,106.0,125.0,79.0,-46.0
2011,Zimbabwe,0.6607,88.0,103.0,98.0,-5.0
2012,Algeria,0.6112,120.0,74.0,19.0,-55.0
2012,Argentina,0.7212,32.0,36.0,3.0,-33.0
2012,Armenia,0.6636,92.0,107.0,75.0,-32.0
2012,Australia,0.7294,25.0,9.0,36.0,27.0
2012,Austria,0.7391,20.0,32.0,70.0,38.0
2012,Bahrain,0.6298,111.0,70.0,119.0,49.0
2012,Bangladesh,0.6684,86.0,114.0,168.0,54.0
2012,Belgium,0.7652,12.0,27.0,21.0,-6.0
2012,Botswana,0.6744,77.0,130.0,121.0,-9.0
2012,Brazil,0.6909,62.0,4.0,18.0,14.0
2012,Bulgaria,0.7021,52.0,57.0,50.0,-7.0
2012,Cameroon,0.6291,112.0,50.0,61.0,11.0
2012,Canada,0.7381,21.0,7.0,64.0,57.0
2012,Chile,0.6676,87.0,45.0,26.0,-19.0
2012,China,0.6853,69.0,17.0,88.0,71.0
2012,Colombia,0.6901,63.0,28.0,5.0,-23.0
2012,Costa Rica,0.7225,29.0,40.0,66.0,26.0
2012,Cote d'Ivoire,0.5785,130.0,68.0,14.0,-54.0
2012,Croatia,0.7053,49.0,63.0,10.0,-53.0
2012,Cuba,0.7417,19.0,91.0,100.0,9.0
2012,Czech Republic,0.6767,73.0,25.0,29.0,4.0
2012,Denmark,0.7777,7.0,13.0,23.0,10.0
2012,Dominican Republic,0.6659,89.0,88.0,93.0,5.0
2012,"Egypt, Arab Rep.",0.5975,126.0,82.0,41.0,-41.0
2012,El Salvador,0.6629999999999999,94.0,96.0,103.0,7.0
2012,Estonia,0.6977,60.0,78.0,86.0,8.0
2012,Ethiopia,0.62,118.0,100.0,110.0,10.0
2012,Fiji,0.6285,113.0,77.0,169.0,92.0
2012,Finland,0.8451,2.0,19.0,83.0,64.0
2012,France,0.6984,57.0,5.0,17.0,12.0
2012,Germany,0.7629,13.0,2.0,2.0,0.0
2012,Ghana,0.6778,71.0,51.0,30.0,-21.0
2012,Greece,0.6716,82.0,60.0,11.0,-49.0
2012,Guatemala,0.626,116.0,76.0,80.0,4.0
2012,Honduras,0.6763,74.0,102.0,58.0,-44.0
2012,Hungary,0.6718,81.0,37.0,32.0,-5.0
2012,Iceland,0.8640000000000001,1.0,15.0,90.0,75.0
2012,India,0.6442,105.0,52.0,166.0,114.0
2012,Indonesia,0.6591,97.0,67.0,156.0,89.0
2012,"Iran, Islamic Rep.",0.5927,127.0,53.0,59.0,6.0
2012,Ireland,0.7839,5.0,34.0,42.0,8.0
2012,Israel,0.6989,56.0,62.0,78.0,16.0
2012,Italy,0.6729,80.0,11.0,4.0,-7.0
2012,Japan,0.653,101.0,3.0,22.0,19.0
2012,Jordan,0.6103,121.0,58.0,94.0,36.0
2012,Kazakhstan,0.7213,31.0,65.0,142.0,77.0
2012,"Korea, Rep.",0.6356,108.0,16.0,35.0,19.0
2012,Latvia,0.7572,15.0,89.0,106.0,17.0
2012,Lebanon,0.603,122.0,117.0,127.0,10.0
2012,Lithuania,0.7191,34.0,79.0,116.0,37.0
2012,Luxembourg,0.7439,17.0,98.0,148.0,50.0
2012,"Macedonia, FYR",0.6968,61.0,110.0,81.0,-29.0
2012,Malawi,0.7166,36.0,127.0,111.0,-16.0
2012,Malaysia,0.6539,100.0,85.0,158.0,73.0
2012,Maldives,0.6616,95.0,118.0,159.0,41.0
2012,Mali,0.5842,128.0,90.0,25.0,-65.0
2012,Malta,0.6666,88.0,104.0,146.0,42.0
2012,Mexico,0.6712,84.0,24.0,15.0,-9.0
2012,Morocco,0.5833,129.0,71.0,74.0,3.0
2012,Mozambique,0.735,23.0,126.0,112.0,-14.0
2012,Namibia,0.7121,41.0,113.0,121.0,8.0
2012,Nepal,0.6026,123.0,108.0,171.0,63.0
2012,Netherlands,0.7659,11.0,14.0,8.0,-6.0
2012,New Zealand,0.7805,6.0,21.0,91.0,70.0
2012,Nicaragua,0.7697,9.0,109.0,145.0,36.0
2012,Nigeria,0.6315,110.0,32.0,52.0,20.0
2012,Norway,0.8403,3.0,12.0,24.0,12.0
2012,Pakistan,0.5478,134.0,121.0,189.0,68.0
2012,Philippines,0.7757,8.0,83.0,147.0,64.0
2012,Poland,0.7015,53.0,31.0,55.0,24.0
2012,Portugal,0.7071,47.0,46.0,7.0,-39.0
2012,Romania,0.6859,67.0,35.0,33.0,-2.0
2012,Russian Federation,0.698,59.0,20.0,9.0,-11.0
2012,Senegal,0.6657,90.0,86.0,77.0,-9.0
2012,Serbia,0.7037,50.0,44.0,38.0,-6.0
2012,Singapore,0.6989,55.0,97.0,154.0,57.0
2012,Slovak Republic,0.6824,70.0,41.0,47.0,6.0
2012,Slovenia,0.7132,38.0,61.0,49.0,-12.0
2012,South Africa,0.7496,16.0,56.0,87.0,31.0
2012,Spain,0.7266,26.0,18.0,1.0,-17.0
2012,Sri Lanka,0.7122,39.0,115.0,190.0,75.0
2012,Suriname,0.6409,106.0,101.0,114.0,13.0
2012,Sweden,0.8159,4.0,6.0,20.0,14.0
2012,Switzerland,0.7672,10.0,26.0,12.0,-14.0
2012,Syrian Arab Republic,0.5626,132.0,122.0,144.0,22.0
2012,Tanzania,0.7091,46.0,119.0,130.0,11.0
2012,Thailand,0.6893,65.0,29.0,136.0,107.0
2012,Trinidad and Tobago,0.7116,43.0,48.0,68.0,20.0
2012,Turkey,0.6015,124.0,64.0,40.0,-24.0
2012,Ukraine,0.6894,64.0,22.0,47.0,25.0
2012,United Kingdom,0.7433,18.0,8.0,6.0,-2.0
2012,United States,0.7373,22.0,1.0,28.0,27.0
2012,Uruguay,0.6745,76.0,68.0,16.0,-52.0
2012,Vietnam,0.6867,66.0,30.0,131.0,101.0
2012,Zambia,0.6279,114.0,119.0,34.0,-85.0
2013,Albania,0.6412,108.0,59.0,57.0,-2.0
2013,Armenia,0.6634,94.0,94.0,35.0,-59.0
2013,Australia,0.7390000000000001,24.0,9.0,58.0,49.0
2013,Austria,0.7437,19.0,29.0,46.0,17.0
2013,Bahrain,0.6334,112.0,73.0,110.0,37.0
2013,Bangladesh,0.6848,75.0,100.0,164.0,64.0
2013,Belgium,0.7684,11.0,27.0,11.0,-16.0
2013,Belize,0.6449,107.0,114.0,159.0,45.0
2013,Bhutan,0.6651,93.0,115.0,207.0,92.0
2013,Botswana,0.6752,85.0,117.0,97.0,-20.0
2013,Brazil,0.6949,62.0,4.0,10.0,6.0
2013,Bulgaria,0.7097,43.0,56.0,74.0,18.0
2013,Cameroon,0.6559999999999999,100.0,47.0,50.0,3.0
2013,Canada,0.7425,20.0,7.0,112.0,105.0
2013,China,0.6908,69.0,18.0,92.0,74.0
2013,Colombia,0.7171,35.0,29.0,4.0,-25.0
2013,Costa Rica,0.7241,31.0,40.0,31.0,-9.0
2013,Cote d'Ivoire,0.5814,131.0,66.0,17.0,-49.0
2013,Croatia,0.7069,49.0,61.0,16.0,-45.0
2013,Cyprus,0.6801,79.0,97.0,126.0,29.0
2013,Czech Republic,0.677,83.0,26.0,28.0,2.0
2013,Denmark,0.7779,8.0,13.0,25.0,12.0
2013,El Salvador,0.6609,96.0,86.0,90.0,4.0
2013,Estonia,0.6997,59.0,71.0,94.0,23.0
2013,Ethiopia,0.6198,118.0,88.0,93.0,5.0
2013,Finland,0.8421,2.0,23.0,64.0,41.0
2013,France,0.7089,45.0,5.0,20.0,15.0
2013,Georgia,0.675,86.0,96.0,101.0,5.0
2013,Germany,0.7583,14.0,2.0,2.0,0.0
2013,Ghana,0.6811,76.0,48.0,24.0,-24.0
2013,Greece,0.6782,81.0,65.0,12.0,-53.0
2013,Guatemala,0.6304,114.0,72.0,113.0,41.0
2013,Honduras,0.6773,82.0,90.0,42.0,-48.0
2013,Hungary,0.6742,87.0,37.0,44.0,7.0
2013,Iceland,0.8731,1.0,19.0,49.0,30.0
2013,India,0.6551,101.0,49.0,154.0,105.0
2013,Indonesia,0.6613,95.0,68.0,161.0,93.0
2013,"Iran, Islamic Rep.",0.5842,130.0,53.0,33.0,-20.0
2013,Ireland,0.7823,6.0,33.0,67.0,34.0
2013,Israel,0.7032,53.0,55.0,63.0,8.0
2013,Italy,0.6885,71.0,12.0,7.0,-5.0
2013,Japan,0.6498,105.0,3.0,47.0,44.0
2013,Jordan,0.6093,119.0,52.0,65.0,13.0
2013,Kazakhstan,0.7218,32.0,63.0,128.0,65.0
2013,"Korea, Rep.",0.6351,111.0,17.0,54.0,37.0
2013,Kuwait,0.6292,116.0,110.0,105.0,-5.0
2013,Kyrgyz Republic,0.6948,63.0,91.0,147.0,56.0
2013,Lao PDR,0.6993,60.0,77.0,152.0,75.0
2013,Latvia,0.7609999999999999,12.0,83.0,116.0,33.0
2013,Lebanon,0.6028,123.0,102.0,121.0,19.0
2013,Lesotho,0.753,16.0,113.0,138.0,25.0
2013,Lithuania,0.7308,28.0,81.0,102.0,21.0
2013,Luxembourg,0.741,21.0,89.0,123.0,34.0
2013,"Macedonia, FYR",0.7013,57.0,98.0,83.0,-15.0
2013,Malaysia,0.6518,102.0,78.0,154.0,76.0
2013,Maldives,0.6604,97.0,103.0,163.0,60.0
2013,Malta,0.6761,84.0,87.0,132.0,45.0
2013,Mexico,0.6917,68.0,25.0,21.0,-4.0
2013,Morocco,0.5845,129.0,68.0,73.0,5.0
2013,Mozambique,0.7349,26.0,109.0,118.0,9.0
2013,Namibia,0.7094,44.0,99.0,125.0,26.0
2013,Nepal,0.6053,121.0,94.0,172.0,78.0
2013,Netherlands,0.7608,13.0,14.0,9.0,-5.0
2013,New Zealand,0.7799,7.0,16.0,90.0,74.0
2013,Nicaragua,0.7715,10.0,93.0,160.0,67.0
2013,Nigeria,0.6469,106.0,34.0,37.0,3.0
2013,Norway,0.8417,3.0,8.0,54.0,46.0
2013,Pakistan,0.5459,135.0,106.0,172.0,66.0
2013,Panama,0.7164,37.0,60.0,38.0,-22.0
2013,Philippines,0.7832,5.0,75.0,127.0,52.0
2013,Poland,0.7031,54.0,31.0,76.0,45.0
2013,Portugal,0.7056,51.0,41.0,5.0,-36.0
2013,Qatar,0.6299,115.0,111.0,103.0,-8.0
2013,Romania,0.6908,70.0,35.0,32.0,-3.0
2013,Russian Federation,0.6983,61.0,21.0,22.0,1.0
2013,Senegal,0.6923,67.0,79.0,65.0,-14.0
2013,Serbia,0.7116,42.0,44.0,30.0,-14.0
2013,Singapore,0.7,58.0,85.0,150.0,65.0
2013,Slovak Republic,0.6857,74.0,45.0,60.0,15.0
2013,Slovenia,0.7155,38.0,58.0,29.0,-29.0
2013,South Africa,0.7509999999999999,17.0,50.0,62.0,12.0
2013,Spain,0.7266,30.0,15.0,1.0,-14.0
2013,Sri Lanka,0.7019,55.0,101.0,169.0,68.0
2013,Sweden,0.8129,4.0,6.0,27.0,21.0
2013,Switzerland,0.7736,9.0,22.0,8.0,-14.0
2013,Tanzania,0.6928,66.0,104.0,120.0,16.0
2013,Thailand,0.6928,65.0,32.0,146.0,114.0
2013,Trinidad and Tobago,0.7166,36.0,46.0,78.0,32.0
2013,Turkey,0.6081,120.0,63.0,43.0,-20.0
2013,Ukraine,0.6935,64.0,24.0,18.0,-6.0
2013,United Kingdom,0.7440000000000001,18.0,11.0,13.0,2.0
2013,United States,0.7392,23.0,1.0,14.0,13.0
2013,Uruguay,0.6803,77.0,68.0,6.0,-62.0
2013,Vietnam,0.6863,73.0,28.0,144.0,116.0
2013,Zambia,0.6312,113.0,105.0,69.0,-36.0
2014,Albania,0.6869,83.0,75.0,58.0,-17.0
2014,Algeria,0.6182,126.0,77.0,18.0,-59.0
2014,Argentina,0.7317,31.0,36.0,2.0,-34.0
2014,Australia,0.7409,24.0,10.0,100.0,90.0
2014,Austria,0.7266,36.0,27.0,23.0,-4.0
2014,Bahrain,0.6261,124.0,81.0,122.0,41.0
2014,Bangladesh,0.6973,68.0,116.0,165.0,49.0
2014,Belarus,0.73,32.0,49.0,99.0,50.0
2014,Belgium,0.7809,10.0,26.0,4.0,-22.0
2014,Belize,0.6701,100.0,128.0,175.0,47.0
2014,Bhutan,0.6364,120.0,129.0,209.0,80.0
2014,Bolivia,0.7049,58.0,92.0,85.0,-7.0
2014,Botswana,0.7129,51.0,132.0,107.0,-25.0
2014,Brazil,0.6941,71.0,8.0,6.0,-2.0
2014,Bulgaria,0.7444,22.0,73.0,66.0,-7.0
2014,Canada,0.7464,19.0,9.0,112.0,103.0
2014,Chile,0.6975,66.0,41.0,14.0,-27.0
2014,China,0.6829999999999999,87.0,13.0,97.0,84.0
2014,Colombia,0.7122,53.0,28.0,3.0,-25.0
2014,Costa Rica,0.7165,48.0,37.0,16.0,-21.0
2014,Cote d'Ivoire,0.5874,136.0,65.0,28.0,-37.0
2014,Croatia,0.7075,55.0,59.0,19.0,-40.0
2014,Cuba,0.7317,30.0,94.0,113.0,19.0
2014,Cyprus,0.6741,95.0,110.0,87.0,-23.0
2014,Czech Republic,0.6737,96.0,30.0,17.0,-13.0
2014,Denmark,0.8025,5.0,16.0,30.0,14.0
2014,Dominican Republic,0.6906,78.0,93.0,106.0,13.0
2014,Ecuador,0.7455,21.0,46.0,26.0,-20.0
2014,"Egypt, Arab Rep.",0.6064,129.0,87.0,60.0,-27.0
2014,El Salvador,0.6863,84.0,98.0,90.0,-8.0
2014,Estonia,0.7017,62.0,74.0,84.0,10.0
2014,Ethiopia,0.6144,127.0,102.0,111.0,9.0
2014,Finland,0.8453,2.0,23.0,70.0,47.0
2014,France,0.7588,16.0,3.0,7.0,4.0
2014,Germany,0.778,12.0,1.0,1.0,0.0
2014,Ghana,0.6661,101.0,50.0,37.0,-13.0
2014,Greece,0.6784,91.0,69.0,24.0,-45.0
2014,Guatemala,0.6821,89.0,82.0,72.0,-10.0
2014,Honduras,0.6935,73.0,103.0,71.0,-32.0
2014,Hungary,0.6759,93.0,39.0,45.0,6.0
2014,Iceland,0.8594,1.0,20.0,33.0,13.0
2014,India,0.6455,114.0,53.0,171.0,118.0
2014,Indonesia,0.6725,97.0,75.0,159.0,84.0
2014,Ireland,0.785,8.0,29.0,64.0,35.0
2014,Israel,0.7005,65.0,55.0,32.0,-23.0
2014,Italy,0.6973,69.0,14.0,11.0,-3.0
2014,Jamaica,0.7128,52.0,72.0,75.0,3.0
2014,Japan,0.6584,104.0,4.0,54.0,50.0
2014,Jordan,0.5968,134.0,56.0,81.0,25.0
2014,Kazakhstan,0.721,43.0,70.0,139.0,69.0
2014,"Korea, Rep.",0.6403,117.0,17.0,69.0,52.0
2014,Lao PDR,0.7044,60.0,86.0,160.0,74.0
2014,Latvia,0.7691,15.0,99.0,96.0,-3.0
2014,Lesotho,0.7255,38.0,127.0,123.0,-4.0
2014,Lithuania,0.7208,44.0,90.0,92.0,2.0
2014,Luxembourg,0.7333,28.0,105.0,128.0,23.0
2014,"Macedonia, FYR",0.6943,70.0,111.0,100.0,-11.0
2014,Malaysia,0.652,107.0,88.0,154.0,66.0
2014,Maldives,0.6557,105.0,120.0,130.0,10.0
2014,Mali,0.5779,138.0,96.0,50.0,-46.0
2014,Malta,0.6707,99.0,105.0,147.0,42.0
2014,Mexico,0.69,80.0,25.0,20.0,-5.0
2014,Montenegro,0.6934,74.0,91.0,59.0,-32.0
2014,Morocco,0.5988,133.0,78.0,81.0,3.0
2014,Namibia,0.7219,40.0,112.0,109.0,-3.0
2014,Nepal,0.6458,112.0,107.0,186.0,79.0
2014,Netherlands,0.773,14.0,11.0,5.0,-6.0
2014,New Zealand,0.7772,13.0,18.0,134.0,116.0
2014,Nicaragua,0.7894,6.0,108.0,173.0,65.0
2014,Nigeria,0.6391,118.0,32.0,43.0,11.0
2014,Norway,0.8374,3.0,12.0,67.0,55.0
2014,Pakistan,0.5522,141.0,122.0,188.0,66.0
2014,Panama,0.7195,46.0,66.0,57.0,-9.0
2014,Paraguay,0.6890000000000001,81.0,50.0,76.0,26.0
2014,Peru,0.7198,45.0,57.0,53.0,-4.0
2014,Philippines,0.7814,9.0,80.0,130.0,50.0
2014,Poland,0.7051,57.0,35.0,41.0,6.0
2014,Portugal,0.7243,39.0,42.0,7.0,-35.0
2014,Qatar,0.6403,116.0,124.0,95.0,-29.0
2014,Romania,0.6936,72.0,38.0,15.0,-23.0
2014,Russian Federation,0.6927,75.0,21.0,31.0,10.0
2014,Senegal,0.6912,77.0,89.0,35.0,-54.0
2014,Serbia,0.7086,54.0,43.0,38.0,-5.0
2014,Singapore,0.7046,59.0,100.0,157.0,57.0
2014,Slovak Republic,0.6806,90.0,47.0,21.0,-26.0
2014,Slovenia,0.7443,23.0,62.0,47.0,-15.0
2014,South Africa,0.7527,18.0,60.0,52.0,-8.0
2014,Spain,0.7325,29.0,15.0,9.0,-6.0
2014,Sri Lanka,0.6903,79.0,117.0,172.0,55.0
2014,Suriname,0.6504,109.0,103.0,163.0,60.0
2014,Swaziland,0.6772,92.0,126.0,164.0,38.0
2014,Sweden,0.8165,4.0,5.0,44.0,39.0
2014,Switzerland,0.7798,11.0,19.0,12.0,-7.0
2014,Tanzania,0.7182,47.0,121.0,105.0,-16.0
2014,Thailand,0.7027,61.0,31.0,142.0,111.0
2014,Trinidad and Tobago,0.7154,49.0,45.0,55.0,10.0
2014,Tunisia,0.6272,123.0,79.0,22.0,-57.0
2014,Turkey,0.6183,125.0,58.0,49.0,-9.0
2014,Ukraine,0.7056,56.0,24.0,25.0,1.0
2014,United Kingdom,0.7383,26.0,6.0,13.0,7.0
2014,United States,0.7463,20.0,2.0,27.0,25.0
2014,Uruguay,0.6871,82.0,67.0,10.0,-57.0
2014,"Venezuela, RB",0.6851,86.0,64.0,88.0,24.0
2014,Vietnam,0.6915,76.0,34.0,137.0,103.0
2014,Zambia,0.6364,119.0,114.0,46.0,-68.0
2014,Zimbabwe,0.7013,63.0,95.0,108.0,13.0
2015,Albania,0.701,70.0,81.0,38.0,-43.0
2015,Algeria,0.632,128.0,77.0,28.0,-49.0
2015,Argentina,0.7340000000000001,35.0,35.0,2.0,-33.0
2015,Australia,0.733,36.0,9.0,57.0,48.0
2015,Austria,0.733,37.0,27.0,10.0,-17.0
2015,Bahrain,0.644,123.0,84.0,124.0,40.0
2015,Bangladesh,0.7040000000000001,64.0,123.0,182.0,59.0
2015,Belarus,0.7340000000000001,34.0,51.0,67.0,16.0
2015,Belgium,0.753,19.0,28.0,1.0,-27.0
2015,Bhutan,0.6459999999999999,118.0,137.0,188.0,51.0
2015,Bolivia,0.7490000000000001,22.0,96.0,68.0,-28.0
2015,Botswana,0.71,55.0,140.0,95.0,-45.0
2015,Brazil,0.6859999999999999,85.0,7.0,6.0,-1.0
2015,Bulgaria,0.722,43.0,75.0,71.0,-4.0
2015,Cameroon,0.682,90.0,47.0,59.0,12.0
2015,Canada,0.74,30.0,11.0,88.0,77.0
2015,Chile,0.698,73.0,41.0,5.0,-36.0
2015,China,0.682,91.0,17.0,84.0,67.0
2015,Colombia,0.725,42.0,25.0,8.0,-17.0
2015,Costa Rica,0.732,38.0,34.0,37.0,3.0
2015,Cote d'Ivoire,0.606,133.0,63.0,19.0,-44.0
2015,Croatia,0.708,59.0,55.0,18.0,-37.0
2015,Cuba,0.74,29.0,96.0,91.0,-5.0
2015,Cyprus,0.6709999999999999,100.0,115.0,79.0,-36.0
2015,Czech Republic,0.687,81.0,33.0,26.0,-7.0
2015,Denmark,0.767,14.0,15.0,42.0,27.0
2015,Dominican Republic,0.6859999999999999,86.0,102.0,154.0,52.0
2015,Ecuador,0.738,33.0,54.0,13.0,-41.0
2015,"Egypt, Arab Rep.",0.599,136.0,87.0,57.0,-30.0
2015,El Salvador,0.706,62.0,103.0,99.0,-4.0
2015,Estonia,0.7490000000000001,21.0,82.0,93.0,11.0
2015,Ethiopia,0.64,124.0,109.0,120.0,11.0
2015,Fiji,0.645,121.0,83.0,186.0,103.0
2015,Finland,0.85,3.0,24.0,43.0,19.0
2015,France,0.7609999999999999,15.0,3.0,25.0,22.0
2015,Georgia,0.687,82.0,115.0,122.0,7.0
2015,Germany,0.779,11.0,2.0,4.0,2.0
2015,Ghana,0.7040000000000001,63.0,50.0,33.0,-17.0
2015,Greece,0.685,87.0,68.0,41.0,-27.0
2015,Guatemala,0.667,106.0,76.0,94.0,18.0
2015,Guyana,0.7020000000000001,66.0,89.0,161.0,72.0
2015,Hungary,0.672,99.0,42.0,20.0,-22.0
2015,Iceland,0.8809999999999999,1.0,19.0,36.0,17.0
2015,India,0.664,108.0,57.0,166.0,109.0
2015,Indonesia,0.6809999999999999,92.0,77.0,179.0,102.0
2015,"Iran, Islamic Rep.",0.58,141.0,59.0,45.0,-14.0
2015,Ireland,0.807,5.0,32.0,31.0,-1.0
2015,Israel,0.7120000000000001,53.0,59.0,69.0,10.0
2015,Italy,0.726,41.0,13.0,15.0,2.0
2015,Jamaica,0.703,65.0,72.0,54.0,-18.0
2015,Japan,0.67,101.0,4.0,53.0,49.0
2015,Jordan,0.593,140.0,58.0,87.0,29.0
2015,Kazakhstan,0.7190000000000001,47.0,71.0,129.0,58.0
2015,Kenya,0.7190000000000001,48.0,136.0,98.0,-38.0
2015,"Korea, Rep.",0.6509999999999999,115.0,18.0,51.0,33.0
2015,Kyrgyz Republic,0.693,76.0,112.0,108.0,-4.0
2015,Lao PDR,0.713,52.0,88.0,177.0,89.0
2015,Latvia,0.752,20.0,105.0,101.0,-4.0
2015,Lebanon,0.598,138.0,125.0,139.0,14.0
2015,Lithuania,0.74,31.0,95.0,126.0,31.0
2015,Luxembourg,0.738,32.0,112.0,142.0,30.0
2015,"Macedonia, FYR",0.701,69.0,118.0,136.0,18.0
2015,Malawi,0.701,68.0,134.0,109.0,-25.0
2015,Malaysia,0.655,111.0,90.0,170.0,80.0
2015,Maldives,0.652,113.0,129.0,160.0,31.0
2015,Mali,0.599,137.0,100.0,62.0,-38.0
2015,Malta,0.6679999999999999,104.0,107.0,162.0,55.0
2015,Mexico,0.6990000000000001,71.0,26.0,22.0,-4.0
2015,Moldova,0.742,26.0,105.0,155.0,50.0
2015,Montenegro,0.6890000000000001,79.0,94.0,85.0,-9.0
2015,Morocco,0.593,139.0,79.0,75.0,-4.0
2015,Namibia,0.76,16.0,120.0,129.0,9.0
2015,Nepal,0.6579999999999999,110.0,114.0,192.0,78.0
2015,Netherlands,0.7759999999999999,13.0,12.0,14.0,2.0
2015,New Zealand,0.782,10.0,16.0,151.0,135.0
2015,Nicaragua,0.7759999999999999,12.0,117.0,92.0,-25.0
2015,Nigeria,0.638,125.0,37.0,66.0,29.0
2015,Norway,0.85,2.0,10.0,54.0,44.0
2015,Pakistan,0.5589999999999999,144.0,130.0,184.0,54.0
2015,Paraguay,0.6659999999999999,107.0,52.0,46.0,-6.0
2015,Peru,0.6829999999999999,89.0,61.0,47.0,-14.0
2015,Philippines,0.79,7.0,80.0,139.0,59.0
2015,Poland,0.715,51.0,31.0,34.0,3.0
2015,Portugal,0.731,39.0,40.0,7.0,-33.0
2015,Romania,0.693,77.0,39.0,16.0,-23.0
2015,Russian Federation,0.6940000000000001,75.0,22.0,24.0,2.0
2015,Senegal,0.698,72.0,92.0,44.0,-48.0
2015,Serbia,0.72,45.0,45.0,56.0,11.0
2015,Slovak Republic,0.675,97.0,46.0,26.0,-20.0
2015,Slovenia,0.784,9.0,62.0,61.0,-1.0
2015,South Africa,0.759,17.0,56.0,72.0,16.0
2015,Spain,0.742,25.0,14.0,3.0,-11.0
2015,Sri Lanka,0.6859999999999999,84.0,124.0,194.0,70.0
2015,Swaziland,0.67,102.0,135.0,131.0,-4.0
2015,Sweden,0.823,4.0,8.0,35.0,27.0
2015,Switzerland,0.785,8.0,20.0,12.0,-8.0
2015,Tanzania,0.718,49.0,128.0,132.0,4.0
2015,Thailand,0.706,60.0,30.0,133.0,103.0
2015,Trinidad and Tobago,0.72,46.0,48.0,49.0,1.0
2015,Turkey,0.624,130.0,63.0,21.0,-42.0
2015,Ukraine,0.7020000000000001,67.0,23.0,29.0,6.0
2015,United Arab Emirates,0.6459999999999999,119.0,73.0,65.0,-8.0
2015,United Kingdom,0.758,18.0,5.0,9.0,4.0
2015,United States,0.74,28.0,1.0,32.0,31.0
2015,Uruguay,0.679,93.0,70.0,11.0,-59.0
2015,"Venezuela, RB",0.691,78.0,66.0,83.0,17.0
2015,Vietnam,0.687,83.0,29.0,147.0,118.0
2015,Zambia,0.65,116.0,121.0,73.0,-48.0
2015,Zimbabwe,0.7090000000000001,57.0,98.0,110.0,12.0
2016,Albania,0.7040000000000001,62.0,72.0,49.0,-23.0
2016,Algeria,0.642,120.0,76.0,38.0,-38.0
2016,Australia,0.721,46.0,6.0,47.0,41.0
2016,Austria,0.716,52.0,24.0,31.0,7.0
2016,Bahrain,0.615,131.0,75.0,123.0,48.0
2016,Bangladesh,0.698,72.0,114.0,185.0,71.0
2016,Belarus,0.737,30.0,49.0,74.0,25.0
2016,Belgium,0.745,24.0,25.0,5.0,-20.0
2016,Bosnia and Herzegovina,0.685,83.0,58.0,27.0,-31.0
2016,Botswana,0.715,54.0,127.0,112.0,-15.0
2016,Brazil,0.687,79.0,9.0,2.0,-7.0
2016,Bulgaria,0.726,41.0,66.0,71.0,5.0
2016,Burkina Faso,0.64,123.0,110.0,50.0,-60.0
2016,Cameroon,0.684,85.0,47.0,65.0,18.0
2016,Canada,0.731,35.0,4.0,117.0,113.0
2016,China,0.6759999999999999,99.0,13.0,82.0,69.0
2016,Colombia,0.727,39.0,22.0,6.0,-16.0
2016,Costa Rica,0.736,32.0,29.0,17.0,-12.0
2016,Cote d'Ivoire,0.597,136.0,60.0,34.0,-26.0
2016,Croatia,0.7,68.0,53.0,14.0,-39.0
2016,Cuba,0.74,27.0,88.0,151.0,63.0
2016,Cyprus,0.684,84.0,106.0,115.0,9.0
2016,Czech Republic,0.69,77.0,33.0,43.0,10.0
2016,Denmark,0.754,19.0,15.0,46.0,31.0
2016,Dominican Republic,0.6759999999999999,97.0,93.0,128.0,35.0
2016,"Egypt, Arab Rep.",0.614,132.0,83.0,36.0,-47.0
2016,El Salvador,0.7020000000000001,64.0,92.0,137.0,45.0
2016,Estonia,0.747,22.0,80.0,116.0,36.0
2016,Ethiopia,0.662,109.0,102.0,112.0,10.0
2016,Finland,0.845,2.0,28.0,94.0,66.0
2016,France,0.755,17.0,3.0,7.0,4.0
2016,Georgia,0.6809999999999999,90.0,103.0,118.0,15.0
2016,Germany,0.7659999999999999,13.0,2.0,3.0,1.0
2016,Ghana,0.705,59.0,45.0,53.0,8.0
2016,Greece,0.68,92.0,62.0,42.0,-20.0
2016,Guatemala,0.6659999999999999,105.0,71.0,79.0,8.0
2016,Guinea,0.64,122.0,107.0,69.0,-38.0
2016,Hungary,0.669,101.0,40.0,26.0,-14.0
2016,Iceland,0.8740000000000001,1.0,20.0,21.0,1.0
2016,India,0.6829999999999999,87.0,54.0,135.0,81.0
2016,Ireland,0.797,6.0,34.0,23.0,-11.0
2016,Israel,0.7190000000000001,49.0,55.0,55.0,0.0
2016,Italy,0.7190000000000001,50.0,16.0,16.0,0.0
2016,Jamaica,0.7240000000000001,42.0,65.0,77.0,12.0
2016,Japan,0.66,111.0,7.0,45.0,38.0
2016,Jordan,0.603,134.0,52.0,105.0,53.0
2016,Kazakhstan,0.718,51.0,64.0,98.0,34.0
2016,Kenya,0.7020000000000001,63.0,122.0,89.0,-33.0
2016,"Korea, Rep.",0.649,116.0,18.0,37.0,19.0
2016,Latvia,0.755,18.0,96.0,111.0,15.0
2016,Lithuania,0.7440000000000001,25.0,87.0,105.0,18.0
2016,Luxembourg,0.7340000000000001,34.0,99.0,130.0,31.0
2016,"Macedonia, FYR",0.696,73.0,109.0,162.0,53.0
2016,Malawi,0.7,67.0,123.0,103.0,-20.0
2016,Malaysia,0.6659999999999999,106.0,82.0,161.0,79.0
2016,Maldives,0.65,115.0,116.0,154.0,38.0
2016,Mali,0.591,138.0,90.0,60.0,-30.0
2016,Malta,0.664,108.0,96.0,183.0,87.0
2016,Mexico,0.7,66.0,26.0,18.0,-8.0
2016,Moldova,0.741,26.0,95.0,164.0,69.0
2016,Montenegro,0.6809999999999999,89.0,86.0,63.0,-23.0
2016,Morocco,0.597,137.0,70.0,57.0,-13.0
2016,Namibia,0.765,14.0,112.0,99.0,-13.0
2016,Nepal,0.6609999999999999,110.0,105.0,181.0,76.0
2016,Netherlands,0.7559999999999999,16.0,12.0,22.0,10.0
2016,New Zealand,0.7809999999999999,9.0,19.0,109.0,90.0
2016,Nicaragua,0.78,10.0,108.0,124.0,16.0
2016,Nigeria,0.643,118.0,35.0,51.0,16.0
2016,Norway,0.8420000000000001,3.0,11.0,83.0,72.0
2016,Philippines,0.7859999999999999,7.0,69.0,120.0,51.0
2016,Poland,0.727,38.0,31.0,15.0,-16.0
2016,Portugal,0.737,31.0,38.0,8.0,-30.0
2016,Romania,0.69,76.0,37.0,39.0,2.0
2016,Russian Federation,0.691,75.0,23.0,56.0,33.0
2016,Rwanda,0.8,5.0,120.0,92.0,-28.0
2016,Senegal,0.685,82.0,85.0,33.0,-52.0
2016,Serbia,0.72,48.0,43.0,44.0,1.0
2016,Singapore,0.7120000000000001,55.0,98.0,165.0,67.0
2016,Slovak Republic,0.679,94.0,41.0,25.0,-16.0
2016,Slovenia,0.7859999999999999,8.0,57.0,51.0,-6.0
2016,South Africa,0.764,15.0,51.0,60.0,9.0
2016,Spain,0.738,29.0,14.0,10.0,-4.0
2016,Sri Lanka,0.6729999999999999,100.0,115.0,195.0,80.0
2016,Sweden,0.815,4.0,8.0,41.0,33.0
2016,Switzerland,0.7759999999999999,11.0,17.0,11.0,-6.0
2016,Tanzania,0.716,53.0,116.0,156.0,40.0
2016,Thailand,0.6990000000000001,71.0,30.0,126.0,96.0
2016,Trinidad and Tobago,0.723,44.0,46.0,78.0,32.0
2016,Tunisia,0.636,126.0,68.0,35.0,-33.0
2016,Turkey,0.623,130.0,56.0,24.0,-32.0
2016,Uganda,0.7040000000000001,61.0,124.0,72.0,-52.0
2016,Ukraine,0.7,69.0,26.0,30.0,4.0
2016,United Arab Emirates,0.639,124.0,78.0,64.0,-14.0
2016,United Kingdom,0.752,20.0,5.0,13.0,8.0
2016,United States,0.722,45.0,1.0,28.0,27.0
2016,"Venezuela, RB",0.6940000000000001,74.0,61.0,59.0,-2.0
2016,Vietnam,0.7,65.0,32.0,134.0,102.0
2016,Zimbabwe,0.71,56.0,88.0,102.0,14.0
2018,Albania,0.7340000000000001,34.0,78.0,60.0,-18.0
2018,Algeria,0.629,128.0,83.0,67.0,-16.0
2018,Argentina,0.733,36.0,36.0,11.0,-25.0
2018,Australia,0.73,39.0,6.0,41.0,35.0
2018,Austria,0.718,53.0,23.0,22.0,-1.0
2018,Azerbaijan,0.68,97.0,69.0,107.0,38.0
2018,Bangladesh,0.721,48.0,125.0,192.0,67.0
2018,Barbados,0.753,21.0,130.0,162.0,32.0
2018,Belarus,0.747,28.0,56.0,76.0,20.0
2018,Belgium,0.738,32.0,21.0,1.0,-20.0
2018,Bolivia,0.748,25.0,91.0,59.0,-32.0
2018,Bosnia and Herzegovina,0.7120000000000001,62.0,67.0,34.0,-33.0
2018,Botswana,0.715,55.0,147.0,145.0,-2.0
2018,Brazil,0.6809999999999999,95.0,10.0,3.0,-7.0
2018,Bulgaria,0.7559999999999999,18.0,76.0,46.0,-30.0
2018,Burkina Faso,0.629,129.0,120.0,61.0,-59.0
2018,Cameroon,0.7140000000000001,57.0,46.0,55.0,9.0
2018,Canada,0.7709999999999999,16.0,5.0,78.0,73.0
2018,Chile,0.7170000000000001,54.0,38.0,13.0,-25.0
2018,China,0.6729999999999999,103.0,15.0,76.0,61.0
2018,Colombia,0.7290000000000001,40.0,26.0,12.0,-14.0
2018,"Congo, Dem. Rep.",0.5820000000000001,144.0,99.0,84.0,-15.0
2018,Costa Rica,0.7490000000000001,22.0,37.0,36.0,-1.0
2018,Cote d'Ivoire,0.627,131.0,68.0,65.0,-3.0
2018,Croatia,0.7120000000000001,59.0,51.0,4.0,-47.0
2018,Cuba,0.7490000000000001,23.0,93.0,174.0,81.0
2018,Czech Republic,0.693,82.0,31.0,42.0,11.0
2018,Denmark,0.778,13.0,17.0,10.0,-7.0
2018,Dominican Republic,0.701,74.0,105.0,154.0,49.0
2018,Ecuador,0.7290000000000001,41.0,63.0,57.0,-6.0
2018,El Salvador,0.69,87.0,102.0,70.0,-32.0
2018,Estonia,0.7340000000000001,33.0,98.0,96.0,-2.0
2018,Ethiopia,0.6559999999999999,117.0,116.0,151.0,35.0
2018,Fiji,0.669,106.0,72.0,169.0,97.0
2018,Finland,0.821,4.0,28.0,58.0,30.0
2018,France,0.779,12.0,3.0,2.0,-1.0
2018,Georgia,0.677,99.0,111.0,89.0,-22.0
2018,Germany,0.7759999999999999,14.0,2.0,16.0,14.0
2018,Ghana,0.688,89.0,50.0,51.0,1.0
2018,Greece,0.696,78.0,66.0,43.0,-23.0
2018,Guatemala,0.6679999999999999,107.0,80.0,149.0,69.0
2018,Hungary,0.674,102.0,43.0,51.0,8.0
2018,Iceland,0.858,1.0,22.0,37.0,15.0
2018,India,0.665,108.0,62.0,97.0,35.0
2018,Indonesia,0.691,85.0,84.0,159.0,75.0
2018,"Iran, Islamic Rep.",0.589,142.0,60.0,29.0,-31.0
2018,Ireland,0.7959999999999999,9.0,33.0,33.0,0.0
2018,Israel,0.722,46.0,64.0,90.0,26.0
2018,Italy,0.706,70.0,16.0,18.0,2.0
2018,Jamaica,0.7240000000000001,44.0,53.0,54.0,1.0
2018,Japan,0.662,110.0,8.0,50.0,42.0
2018,Jordan,0.605,138.0,52.0,109.0,57.0
2018,Kazakhstan,0.7120000000000001,60.0,71.0,119.0,48.0
2018,Kenya,0.7,76.0,135.0,105.0,-30.0
2018,"Korea, Rep.",0.657,115.0,14.0,53.0,39.0
2018,Latvia,0.758,17.0,93.0,132.0,39.0
2018,Lesotho,0.693,81.0,143.0,146.0,3.0
2018,Lithuania,0.7490000000000001,24.0,103.0,133.0,30.0
2018,Luxembourg,0.7120000000000001,61.0,112.0,86.0,-26.0
2018,"Macedonia, FYR",0.7070000000000001,66.0,121.0,68.0,-53.0
2018,Madagascar,0.691,84.0,151.0,106.0,-45.0
2018,Malawi,0.662,112.0,144.0,130.0,-14.0
2018,Malaysia,0.6759999999999999,101.0,89.0,167.0,78.0
2018,Maldives,0.662,113.0,132.0,152.0,20.0
2018,Mali,0.5820000000000001,143.0,85.0,64.0,-21.0
2018,Malta,0.6859999999999999,91.0,101.0,182.0,81.0
2018,Mauritius,0.6629999999999999,109.0,152.0,156.0,4.0
2018,Mexico,0.721,50.0,27.0,17.0,-10.0
2018,Moldova,0.733,35.0,95.0,170.0,75.0
2018,Mongolia,0.7140000000000001,58.0,115.0,188.0,73.0
2018,Montenegro,0.706,69.0,96.0,44.0,-52.0
2018,Morocco,0.607,137.0,79.0,40.0,-39.0
2018,Mozambique,0.721,49.0,142.0,117.0,-25.0
2018,Myanmar,0.69,88.0,44.0,139.0,95.0
2018,Namibia,0.789,10.0,126.0,111.0,-15.0
2018,Nepal,0.6709999999999999,105.0,108.0,161.0,53.0
2018,Netherlands,0.747,27.0,7.0,14.0,7.0
2018,New Zealand,0.8009999999999999,7.0,19.0,122.0,103.0
2018,Nicaragua,0.809,5.0,119.0,129.0,10.0
2018,Nigeria,0.621,133.0,39.0,44.0,5.0
2018,Norway,0.835,2.0,13.0,46.0,33.0
2018,Panama,0.722,45.0,54.0,71.0,17.0
2018,Paraguay,0.672,104.0,47.0,32.0,-15.0
2018,Peru,0.72,52.0,65.0,20.0,-45.0
2018,Philippines,0.799,8.0,74.0,116.0,42.0
2018,Poland,0.728,42.0,34.0,20.0,-14.0
2018,Portugal,0.732,37.0,32.0,6.0,-26.0
2018,Romania,0.711,63.0,41.0,24.0,-17.0
2018,Russian Federation,0.701,75.0,25.0,48.0,23.0
2018,Rwanda,0.804,6.0,137.0,137.0,0.0
2018,Senegal,0.682,94.0,87.0,23.0,-64.0
2018,Serbia,0.73,38.0,42.0,29.0,-13.0
2018,Singapore,0.7070000000000001,67.0,118.0,165.0,47.0
2018,Slovak Republic,0.693,83.0,45.0,27.0,-18.0
2018,Slovenia,0.784,11.0,55.0,62.0,7.0
2018,South Africa,0.755,19.0,48.0,72.0,24.0
2018,Spain,0.746,29.0,12.0,9.0,-3.0
2018,Suriname,0.695,79.0,117.0,153.0,36.0
2018,Swaziland,0.0,0.0,145.0,141.0,-4.0
2018,Sweden,0.8220000000000001,3.0,9.0,14.0,5.0
2018,Switzerland,0.755,20.0,18.0,8.0,-10.0
2018,Tajikistan,0.638,123.0,124.0,120.0,-4.0
2018,Tanzania,0.7040000000000001,71.0,131.0,138.0,7.0
2018,Thailand,0.7020000000000001,73.0,29.0,118.0,89.0
2018,Turkey,0.628,130.0,59.0,39.0,-20.0
2018,Uganda,0.7240000000000001,43.0,141.0,75.0,-66.0
2018,Ukraine,0.708,65.0,24.0,28.0,4.0
2018,United Arab Emirates,0.642,121.0,92.0,79.0,-13.0
2018,United Kingdom,0.774,15.0,4.0,5.0,1.0
2018,United States,0.72,51.0,1.0,25.0,24.0
2018,Uruguay,0.715,56.0,74.0,7.0,-67.0
2018,"Venezuela, RB",0.7090000000000001,64.0,57.0,31.0,-26.0
2018,Vietnam,0.698,77.0,35.0,100.0,65.0
2018,Zimbabwe,0.721,47.0,100.0,114.0,14.0
